name,position,years,pro_bowls,draft_round,franchises,franchise_count
A.J. Hawk,LB,2006-2016,1,1,Packers -> Bengals -> Falcons,3
Aaron Glenn,CB,1999-2008,3,1,Jets -> Texans -> Cowboys -> Jaguars -> Saints,5
Aaron Rodgers,QB,2005-2025,10,1,Packers -> Jets -> Steelers,3
Adam Archuleta,SS,2001-2007,0,1,Rams -> Commanders -> Bears,3
Adam Jones,DB,2005-2018,1,1,Titans -> Cowboys -> Bengals -> Broncos,4
Adoree' Jackson,DB,2017-2025,0,1,Titans -> Giants -> Eagles,3
Adrian Clayborn,DL,2011-2020,0,1,Buccaneers -> Falcons -> Patriots -> Falcons -> Browns,4
Adrian Peterson,RB,2007-2021,7,1,Vikings -> Saints -> Cardinals -> Commanders -> Lions -> Titans -> Seahawks,7
Ahmad Carroll,CB,2004-2008,0,1,Packers -> Jaguars -> Jets,3
Ahman Green,RB,1999-2009,4,3,Seahawks -> Packers -> Texans -> Packers,3
Akiem Hicks,DL,2012-2022,1,3,Saints -> Patriots -> Bears -> Buccaneers,4
Al Harris,CB,1999-2011,2,6,Eagles -> Packers -> Rams,3
Alan Faneca,G,1999-2010,9,1,Steelers -> Jets -> Cardinals,3
Albert Haynesworth,DE,2002-2011,2,1,Titans -> Commanders -> Patriots -> Buccaneers,4
Alec Ogletree,LB,2013-2021,0,1,Rams -> Giants -> Jets -> Bears,4
Alex Mack,OL,2009-2021,7,1,Browns -> Falcons -> 49ers,3
Alex Smith,QB,2005-2020,3,1,49ers -> Chiefs -> Commanders,3
Alfred Morris,RB,2012-2020,2,6,Commanders -> Cowboys -> 49ers -> Cowboys -> Cardinals -> Giants,5
Alge Crumpler,TE,2001-2010,4,2,Falcons -> Titans -> Patriots,3
Allen Robinson,WR,2014-2024,1,2,Jaguars -> Bears -> Rams -> Steelers -> Lions,5
Allen Rossum,CB,1999-2008,1,3,Eagles -> Packers -> Falcons -> Steelers -> 49ers,5
Alterraun Verner,DB,2010-2017,1,4,Titans -> Buccaneers -> Dolphins,3
Amari Cooper,WR,2015-2024,5,1,Raiders -> Cowboys -> Browns -> Bills,4
Andre Carter,DE,2001-2013,1,1,49ers -> Commanders -> Patriots -> Raiders -> Patriots,4
Andre Dillard,OL,2019-2024,0,1,Eagles -> Titans -> Packers,3
Andre Gurode,G,2002-2013,5,2,Cowboys -> Ravens -> Raiders,3
Andre Johnson,WR,2003-2016,7,1,Texans -> Colts -> Titans,3
Andre Roberts,WR,2010-2022,3,3,Cardinals -> Commanders -> Lions -> Falcons -> Jets -> Bills -> Texans -> Chargers -> Panthers,9
Andre Smith,OL,2009-2021,0,1,Bengals -> Vikings -> Bengals -> Cardinals -> Bengals -> Ravens,4
Andrus Peat,OL,2015-2025,3,1,Saints -> Raiders -> Steelers,3
Andy Dalton,QB,2011-2025,3,2,Bengals -> Cowboys -> Bears -> Saints -> Panthers,5
Andy Lee,P,2004-2022,3,6,49ers -> Browns -> Panthers -> Cardinals,4
Anquan Boldin,WR,2003-2016,3,2,Cardinals -> Ravens -> 49ers -> Lions,4
Anthony Becht,TE,2000-2011,0,1,Jets -> Buccaneers -> Rams -> Cardinals -> Chiefs,5
Antoine Bethea,DB,2006-2019,3,6,Colts -> 49ers -> Cardinals -> Giants,4
Antoine Cason,CB,2008-2014,0,1,Chargers -> Cardinals -> Panthers -> Ravens,4
Antonio Brown,WR,2010-2021,7,6,Steelers -> Raiders -> Patriots -> Buccaneers,4
Antonio Cromartie,DB,2006-2016,4,1,Chargers -> Jets -> Cardinals -> Jets -> Colts,4
Antonio Smith,DL,2004-2016,1,5,Cardinals -> Texans -> Raiders -> Broncos -> Texans,4
Antowain Smith,RB,1999-2005,0,1,Bills -> Patriots -> Titans -> Saints,4
Antrel Rolle,DB,2005-2016,3,1,Cardinals -> Giants -> Bears,3
Antuan Edwards,FS,1999-2005,0,1,Packers -> Dolphins -> Rams -> Falcons,4
Aqib Talib,DB,2008-2019,5,1,Buccaneers -> Patriots -> Broncos -> Rams -> Dolphins,5
Artie Burns,DB,2016-2025,0,1,Steelers -> Bears -> Seahawks -> Dolphins,4
Asante Samuel,CB,2003-2013,4,4,Patriots -> Eagles -> Falcons,3
Ashley Lelie,WR,2002-2008,0,1,Broncos -> Falcons -> 49ers -> Raiders,4
Austin Hooper,TE,2016-2025,2,3,Falcons -> Browns -> Titans -> Raiders -> Patriots,5
Baker Mayfield,QB,2018-2025,2,1,Browns -> Panthers -> Rams -> Buccaneers,4
Barkevious Mingo,LB,2013-2020,0,1,Browns -> Patriots -> Colts -> Seahawks -> Texans -> Bears,6
Ben Grubbs,OL,2007-2016,2,1,Ravens -> Saints -> Chiefs,3
Benjamin Watson,TE,2004-2019,0,1,Patriots -> Browns -> Saints -> Ravens -> Saints -> Patriots,4
Bernard Pollard,SS,2006-2014,1,2,Chiefs -> Texans -> Ravens -> Titans,4
Bert Berry,OLB,1999-2009,1,3,Colts -> Broncos -> Cardinals,3
Billy Price,OL,2018-2022,0,1,Bengals -> Giants -> Cardinals,3
Blaine Gabbert,QB,2011-2023,0,1,Jaguars -> 49ers -> Cardinals -> Titans -> Buccaneers -> Chiefs,6
Blake Bortles,QB,2014-2021,0,1,Jaguars -> Rams -> Broncos -> Rams -> Packers -> Saints,5
Bob Whitfield,T,1999-2006,1,1,Falcons -> Jaguars -> Giants,3
Bobby Carpenter,OLB,2006-2011,0,1,Cowboys -> Dolphins -> Lions,3
Bobby Wagner,LB,2012-2025,10,2,Seahawks -> Rams -> Seahawks -> Commanders,3
Brad Johnson,QB,1999-2008,2,9,Commanders -> Buccaneers -> Vikings -> Cowboys,4
Bradley Roby,DB,2014-2023,0,1,Broncos -> Texans -> Saints -> Eagles,4
Brady Quinn,QB,2007-2013,0,1,Browns -> Broncos -> Chiefs -> Jets -> Rams,5
Brandin Cooks,WR,2014-2025,0,1,Saints -> Patriots -> Rams -> Texans -> Cowboys -> Saints -> Bills,6
Brandon Lloyd,WR,2003-2014,1,4,49ers -> Commanders -> Bears -> Broncos -> Rams -> Patriots -> 49ers,6
Brandon Marshall,WR,2006-2018,6,4,Broncos -> Dolphins -> Bears -> Jets -> Giants -> Seahawks -> Saints,7
Brandon Meriweather,DB,2007-2016,2,1,Patriots -> Bears -> Commanders -> Giants,4
Brandon Weeden,QB,2012-2018,0,1,Browns -> Cowboys -> Texans -> Titans -> Texans,4
Braylon Edwards,WR,2005-2012,1,1,Browns -> Jets -> Seahawks -> Jets,3
Breshad Perriman,WR,2015-2022,0,1,Ravens -> Browns -> Buccaneers -> Jets -> Bears -> Buccaneers,5
Brett Favre,QB,1999-2010,11,2,Packers -> Jets -> Vikings,3
Brian Griese,QB,1999-2008,1,3,Broncos -> Dolphins -> Buccaneers -> Bears -> Buccaneers,4
Brian Mitchell,RB,1999-2003,1,5,Commanders -> Eagles -> Giants,3
Brodrick Bunkley,NT,2006-2014,0,1,Eagles -> Broncos -> Saints,3
Bruce Irvin,LB,2012-2023,0,1,Seahawks -> Raiders -> Falcons -> Panthers -> Seahawks -> Bears -> Seahawks -> Lions -> Dolphins,7
Bryan Anger,P,2012-2025,2,3,Jaguars -> Buccaneers -> Texans -> Cowboys,4
Bryant Johnson,WR,2003-2011,0,1,Cardinals -> 49ers -> Lions -> Texans,4
Bryant McKinnie,T,2002-2013,1,1,Vikings -> Ravens -> Dolphins,3
Bryant Westbrook,CB,1999-2002,0,1,Lions -> Cowboys -> Packers,3
Bud Dupree,LB,2015-2025,0,1,Steelers -> Titans -> Falcons -> Chargers,4
Byron Chamberlain,TE,1999-2003,1,7,Broncos -> Vikings -> Commanders,3
Byron Leftwich,QB,2003-2012,0,1,Jaguars -> Falcons -> Steelers -> Buccaneers -> Steelers,4
C.J. Henderson,DB,2020-2025,0,1,Jaguars -> Panthers -> Steelers -> Falcons,4
C.J. Spiller,RB,2010-2017,1,1,Bills -> Saints -> Seahawks -> Jets -> Chiefs,5
Calais Campbell,DL,2008-2025,6,2,Cardinals -> Jaguars -> Ravens -> Falcons -> Dolphins -> Cardinals,5
Calvin Ridley,WR,2018-2025,0,1,Falcons -> Jaguars -> Titans,3
Cameron Erving,OL,2015-2023,0,1,Browns -> Chiefs -> Cowboys -> Panthers -> Saints,5
Carlos Dunlap,LB,2010-2022,2,2,Bengals -> Seahawks -> Chiefs,3
Carlos Rogers,CB,2005-2014,1,1,Commanders -> 49ers -> Raiders,3
Carson Palmer,QB,2003-2017,3,1,Bengals -> Raiders -> Cardinals,3
Carson Wentz,QB,2016-2025,1,1,Eagles -> Colts -> Commanders -> Rams -> Chiefs -> Vikings,6
Casey Hayward,DB,2012-2022,2,2,Packers -> Chargers -> Raiders -> Falcons,4
Cedric Benson,RB,2005-2012,0,1,Bears -> Bengals -> Packers,3
Cedric Ogbuehi,OL,2015-2022,0,1,Bengals -> Jaguars -> Seahawks -> Ravens -> Jets,5
Cedric Peerman,RB,2009-2017,1,6,Browns -> Lions -> Bengals,3
Chance Warmack,OL,2013-2020,0,1,Titans -> Eagles -> Seahawks,3
Chandler Jones,DL,2012-2023,4,1,Patriots -> Cardinals -> Raiders,3
Charles Harris,DL,2017-2024,0,1,Dolphins -> Falcons -> Lions -> Panthers -> Eagles,5
Charles Johnson,WR,2000-2002,0,1,Eagles -> Patriots -> Bills,3
Charlie Garner,RB,1999-2004,1,2,49ers -> Raiders -> Buccaneers,3
Chase Young,LB,2020-2025,1,1,Commanders -> 49ers -> Saints,3
Chester McGlockton,DT,1999-2003,4,1,Chiefs -> Broncos -> Jets,3
Chris Chambers,WR,2001-2010,1,2,Dolphins -> Chargers -> Chiefs,3
Chris Chandler,QB,1999-2004,2,3,Falcons -> Bears -> Rams,3
Chris Claiborne,MLB,1999-2005,0,1,Lions -> Vikings -> Rams,3
Chris Hope,SS,2002-2012,1,3,Steelers -> Titans -> Falcons,3
Chris Johnson,RB,2008-2017,3,1,Titans -> Jets -> Cardinals,3
Chris Long,DL,2008-2018,0,1,Rams -> Patriots -> Eagles,3
Chris Spencer,G,2005-2014,0,1,Seahawks -> Bears -> Titans,3
Chris Williams,G,2008-2014,0,1,Bears -> Rams -> Bills,3
Clelin Ferrell,DL,2019-2025,0,1,Raiders -> 49ers -> Commanders -> Chargers -> 49ers,4
Connor Barwin,LB,2009-2018,1,2,Texans -> Eagles -> Rams -> Giants,4
Cordarrelle Patterson,RB,2013-2024,4,1,Vikings -> Raiders -> Patriots -> Bears -> Falcons -> Steelers,6
Corey Chavous,SS,1999-2008,1,2,Cardinals -> Vikings -> Rams,3
Corey Coleman,WR,2016-2019,0,1,Browns -> Patriots -> Giants,3
Corey Graham,DB,2007-2018,1,5,Bears -> Ravens -> Bills -> Eagles,4
Corey Liuget,DL,2011-2020,0,1,Chargers -> Raiders -> Bills -> Texans,4
Cortland Finnegan,DB,2006-2016,1,7,Titans -> Rams -> Dolphins -> Panthers -> Saints,5
Curtis Conway,WR,2000-2004,0,1,Chargers -> Jets -> 49ers,3
D'Andre Swift,RB,2020-2025,1,2,Lions -> Eagles -> Bears,3
D.J. Alexander,LB,2015-2019,1,5,Chiefs -> Seahawks -> Eagles -> Jaguars,4
D.J. Fluker,OL,2013-2021,0,1,Chargers -> Giants -> Seahawks -> Ravens -> Jaguars,5
D.J. Hayden,DB,2013-2021,0,1,Raiders -> Lions -> Jaguars -> Commanders,4
D.J. Humphries,OL,2015-2025,1,1,Cardinals -> Chiefs -> Rams,3
DJ Chark,WR,2018-2024,1,2,Jaguars -> Lions -> Panthers -> Chargers,4
Dale Carter,CB,1999-2005,4,1,Broncos -> Vikings -> Saints -> Ravens,4
Dallas Clark,TE,2003-2013,1,1,Colts -> Buccaneers -> Ravens,3
Dalvin Cook,RB,2017-2024,4,2,Vikings -> Jets -> Ravens -> Cowboys,4
Damarious Randall,DB,2015-2021,0,1,Packers -> Browns -> Seahawks -> Rams,4
Damien Woody,T,1999-2010,1,1,Patriots -> Lions -> Jets,3
Damione Lewis,DT,2002-2010,0,1,Rams -> Panthers -> Texans,3
Damon Arnette,DB,2020-2025,0,1,Raiders -> Chiefs -> Texans,3
Dan Wilkinson,DT,1999-2006,0,1,Commanders -> Lions -> Dolphins,3
Dana Stubblefield,DT,1999-2003,3,1,Commanders -> 49ers -> Raiders,3
Daniel Graham,TE,2002-2011,0,1,Patriots -> Broncos -> Titans,3
Daniel Jones,QB,2019-2025,0,1,Giants -> Vikings -> Colts,3
Danny Shelton,DL,2015-2022,0,1,Browns -> Patriots -> Lions -> Giants -> Chiefs,5
Dante Fowler Jr.,DL,2016-2025,0,1,Jaguars -> Rams -> Falcons -> Cowboys -> Commanders -> Cowboys,5
Darius Slay,DB,2013-2025,6,2,Lions -> Eagles -> Steelers -> Bills,4
Darnell Savage,DB,2019-2025,0,1,Packers -> Jaguars -> Commanders -> Bills,4
Darqueze Dennard,DB,2014-2021,0,1,Bengals -> Falcons -> Cardinals -> Giants -> 49ers,5
Darrelle Revis,DB,2007-2017,7,1,Jets -> Buccaneers -> Patriots -> Jets -> Chiefs,4
Darren Sharper,FS,1999-2010,5,2,Packers -> Vikings -> Saints,3
Darren Sproles,RB,2005-2019,3,4,Chargers -> Saints -> Eagles,3
Darren Waller,TE,2015-2025,1,6,Ravens -> Raiders -> Giants -> Dolphins,4
Darrien Gordon,CB,1999-2002,0,1,Raiders -> Falcons -> Packers -> Raiders,3
Darrius Heyward-Bey,WR,2009-2018,0,1,Raiders -> Colts -> Steelers,3
Darron Lee,LB,2016-2020,0,1,Jets -> Chiefs -> Bills,3
Daryl Gardener,DT,1999-2003,0,1,Dolphins -> Commanders -> Broncos,3
Dashon Goldson,DB,2007-2016,2,4,49ers -> Buccaneers -> Commanders -> Falcons,4
Datone Jones,DL,2013-2020,0,1,Packers -> Lions -> 49ers -> Cowboys -> Raiders,5
Daunte Culpepper,QB,1999-2009,3,1,Vikings -> Dolphins -> Raiders -> Lions,4
Davante Adams,WR,2014-2025,6,2,Packers -> Raiders -> Jets -> Rams,4
David Boston,WR,1999-2005,1,1,Cardinals -> Chargers -> Dolphins,3
David Carr,QB,2002-2012,0,1,Texans -> Panthers -> Giants -> 49ers -> Giants,4
David Johnson,RB,2015-2022,1,3,Cardinals -> Texans -> Saints,3
DeAndre Hopkins,WR,2013-2025,5,1,Texans -> Cardinals -> Titans -> Chiefs -> Ravens,5
DeAngelo Hall,DB,2004-2017,3,1,Falcons -> Raiders -> Commanders,3
DeMarco Murray,RB,2011-2017,3,3,Cowboys -> Eagles -> Titans,3
DeSean Jackson,WR,2008-2022,3,2,Eagles -> Commanders -> Buccaneers -> Eagles -> Rams -> Raiders -> Ravens,6
DeWayne Washington,CB,1999-2005,0,1,Steelers -> Jaguars -> Chiefs,3
Deion Jones,LB,2016-2025,1,2,Falcons -> Browns -> Panthers -> Buccaneers,4
Deion Sanders,CB,1999-2005,8,1,Cowboys -> Commanders -> Ravens,3
Deltha O'Neal,CB,2000-2008,2,1,Broncos -> Bengals -> Patriots,3
Demario Davis,LB,2012-2025,2,3,Jets -> Browns -> Jets -> Saints,3
Demaryius Thomas,WR,2010-2019,5,1,Broncos -> Texans -> Patriots -> Jets,4
Denzel Perryman,LB,2015-2025,1,2,Chargers -> Raiders -> Texans -> Chargers,3
Deone Bucannon,LB,2014-2020,0,1,Cardinals -> Buccaneers -> Giants -> Buccaneers,3
Derek Anderson,QB,2005-2018,1,6,Ravens -> Browns -> Cardinals -> Panthers -> Bills,5
Derrick Burgess,OLB,2001-2009,2,3,Eagles -> Raiders -> Patriots,3
Desmond Trufant,DB,2013-2021,1,1,Falcons -> Lions -> Saints -> Raiders,4
Devin Bush,LB,2019-2025,0,1,Steelers -> Seahawks -> Browns,3
Devin Duvernay,WR,2020-2025,2,3,Ravens -> Jaguars -> Bears,3
Devin Hester,WR,2006-2016,4,2,Bears -> Falcons -> Ravens -> Seahawks,4
Devin White,LB,2019-2025,1,1,Buccaneers -> Eagles -> Texans -> Raiders,4
Devonta Freeman,RB,2014-2021,2,4,Falcons -> Giants -> Ravens,3
Dexter McCluster,RB,2010-2016,1,2,Chiefs -> Titans -> Chargers,3
Dez Bryant,WR,2010-2020,3,1,Cowboys -> Saints -> Ravens,3
Dion Jordan,DL,2013-2020,0,1,Dolphins -> Seahawks -> Raiders -> 49ers,4
Diontae Johnson,WR,2019-2024,1,3,Steelers -> Panthers -> Ravens -> Texans,4
Dominique Rodgers-Cromartie,DB,2008-2019,2,1,Cardinals -> Eagles -> Broncos -> Giants -> Raiders -> Commanders,6
Donald Brown,RB,2009-2016,0,1,Colts -> Chargers -> Patriots,3
Dontari Poe,DL,2012-2020,2,1,Chiefs -> Falcons -> Panthers -> Cowboys,4
Donte Whitner,DB,2006-2016,2,1,Bills -> 49ers -> Browns -> Commanders,4
Donte' Stallworth,WR,2002-2012,0,1,Saints -> Eagles -> Patriots -> Browns -> Ravens -> Commanders -> Patriots,6
Dorsey Levens,RB,1999-2004,1,5,Packers -> Eagles -> Giants -> Eagles,3
Doug Flutie,QB,1999-2005,1,11,Bills -> Chargers -> Patriots,3
Dre Kirkpatrick,DB,2012-2021,0,1,Bengals -> Cardinals -> 49ers,3
Dre' Bly,CB,1999-2009,2,2,Rams -> Lions -> Broncos -> 49ers,4
Drew Bledsoe,QB,1999-2006,4,1,Patriots -> Bills -> Cowboys,3
Duane Brown,OL,2008-2023,5,1,Texans -> Seahawks -> Jets,3
Duane Clemons,DE,1999-2005,0,1,Vikings -> Chiefs -> Bengals,3
Duane Starks,CB,1999-2006,0,1,Ravens -> Cardinals -> Patriots -> Raiders,4
Dunta Robinson,CB,2004-2013,0,1,Texans -> Falcons -> Chiefs,3
Dustin Colquitt,P,2005-2021,2,3,Chiefs -> Steelers -> Jaguars -> Falcons -> Browns,5
Dwayne Harris,WR,2011-2020,1,6,Cowboys -> Giants -> Raiders -> Bears,4
Dwayne Rudd,OLB,1999-2003,0,1,Vikings -> Browns -> Buccaneers,3
Dwight Freeney,DL,2002-2017,7,1,Colts -> Chargers -> Cardinals -> Falcons -> Seahawks -> Lions,6
Ebenezer Ekuban,DE,1999-2008,0,1,Cowboys -> Browns -> Broncos,3
Ed Reed,FS,2002-2013,9,1,Ravens -> Texans -> Jets,3
Eddie Jackson,DB,2017-2024,2,4,Bears -> Ravens -> Chargers,3
Eddie Kennison,WR,1999-2007,0,1,Saints -> Bears -> Chiefs,3
Eli Apple,DB,2016-2025,0,1,Giants -> Saints -> Panthers -> Bengals -> Dolphins -> Chargers -> 49ers,7
Ellis Johnson,NT,1999-2004,0,1,Colts -> Falcons -> Broncos,3
Elvis Dumervil,DL,2006-2017,5,4,Broncos -> Ravens -> 49ers,3
Emmanuel Sanders,WR,2010-2021,2,3,Steelers -> Broncos -> 49ers -> Saints -> Bills,5
Ereck Flowers,OL,2015-2021,0,1,Giants -> Jaguars -> Commanders -> Dolphins -> Commanders,4
Eric Davis,CB,1999-2002,2,2,Panthers -> Broncos -> Lions,3
Eric Ebron,TE,2014-2021,1,1,Lions -> Colts -> Steelers,3
Eric Fisher,OL,2013-2022,2,1,Chiefs -> Colts -> Dolphins,3
Eric Kendricks,LB,2015-2025,1,2,Vikings -> Chargers -> Cowboys -> 49ers,4
Eric Metcalf,WR,1999-2002,3,1,Panthers -> Commanders -> Packers,3
Eric Moulds,WR,1999-2007,3,1,Bills -> Texans -> Titans,3
Eric Weddle,DB,2007-2021,6,2,Chargers -> Ravens -> Rams,3
Erik Flowers,DE,2000-2004,0,1,Bills -> Texans -> Steelers -> Rams,4
Ernie Sims,OLB,2006-2013,0,1,Lions -> Eagles -> Colts -> Cowboys,4
Evan Engram,TE,2017-2025,2,1,Giants -> Jaguars -> Broncos,3
Evan Mathis,OL,2005-2016,2,3,Panthers -> Dolphins -> Bengals -> Eagles -> Broncos -> Cardinals,6
Everson Griffen,DL,2010-2021,4,4,Vikings -> Cowboys -> Lions -> Vikings,3
Ezekiel Ansah,DL,2013-2020,1,1,Lions -> Seahawks -> 49ers,3
Fernando Bryant,CB,1999-2008,0,1,Jaguars -> Lions -> Steelers,3
Frank Clark,LB,2015-2023,3,2,Seahawks -> Chiefs -> Broncos -> Seahawks,3
Frank Gore,RB,2005-2020,5,3,49ers -> Colts -> Dolphins -> Bills -> Jets,5
Gabe Carimi,T,2011-2014,0,1,Bears -> Buccaneers -> Falcons,3
Gardner Minshew,QB,2019-2025,1,6,Jaguars -> Eagles -> Colts -> Raiders -> Chiefs,5
Gary Stills,OLB,1999-2008,1,3,Chiefs -> Ravens -> Rams,3
Geno Smith,QB,2013-2025,2,2,Jets -> Giants -> Chargers -> Seahawks -> Raiders,5
Gerald McCoy,DL,2010-2021,6,1,Buccaneers -> Panthers -> Raiders,3
Gerard Warren,DE,2001-2011,0,1,Browns -> Broncos -> Raiders -> Patriots,4
Germain Ifedi,OL,2016-2025,0,1,Seahawks -> Bears -> Falcons -> Bills -> Browns -> Dolphins,6
Golden Tate,WR,2010-2020,1,2,Seahawks -> Lions -> Eagles -> Giants,4
Gosder Cherilus,OL,2008-2016,0,1,Lions -> Colts -> Buccaneers,3
Greg Jennings,WR,2006-2015,2,2,Packers -> Vikings -> Dolphins,3
Greg Olsen,TE,2007-2020,3,1,Bears -> Panthers -> Seahawks,3
Greg Robinson,OL,2014-2019,0,1,Rams -> Lions -> Browns,3
Greg Zuerlein,K,2012-2024,1,6,Rams -> Cowboys -> Jets,3
Gus Frerotte,QB,1999-2008,1,7,Lions -> Broncos -> Bengals -> Vikings -> Dolphins -> Rams -> Vikings,6
Ha Ha Clinton-Dix,DB,2014-2021,1,1,Packers -> Commanders -> Bears -> Raiders -> Broncos,5
Haason Reddick,LB,2017-2025,2,1,Cardinals -> Panthers -> Eagles -> Jets -> Buccaneers,5
Haloti Ngata,DL,2006-2018,5,1,Ravens -> Lions -> Eagles,3
Hanik Milligan,SS,2004-2007,1,6,Chargers -> Cardinals -> Rams,3
Hardy Nickerson,MLB,1999-2002,5,5,Buccaneers -> Jaguars -> Packers,3
Hayden Hurst,TE,2018-2024,0,1,Ravens -> Falcons -> Bengals -> Panthers -> Chargers,5
Henry Melton,DT,2010-2015,1,4,Bears -> Cowboys -> Buccaneers,3
Isaiah Simmons,LB,2020-2025,0,1,Cardinals -> Giants -> Panthers,3
J.J. Stokes,WR,1999-2003,0,1,49ers -> Jaguars -> Patriots,3
J.P. Losman,QB,2004-2011,0,1,Bills -> Raiders -> Seahawks -> Dolphins,4
Ja'Wuan James,OL,2014-2022,0,1,Dolphins -> Broncos -> Ravens,3
Jabrill Peppers,DB,2017-2025,0,1,Browns -> Giants -> Patriots -> Steelers,4
Jadeveon Clowney,DL,2014-2025,3,1,Texans -> Seahawks -> Titans -> Browns -> Ravens -> Panthers -> Cowboys,7
Jaire Alexander,DB,2018-2025,2,1,Packers -> Ravens -> Eagles,3
Jairus Byrd,DB,2009-2017,3,2,Bills -> Saints -> Panthers,3
Jake Long,OL,2008-2016,4,1,Dolphins -> Rams -> Falcons -> Vikings,4
Jakeem Grant,WR,2016-2023,1,6,Dolphins -> Bears -> Browns,3
Jalen Ramsey,DB,2016-2025,8,1,Jaguars -> Rams -> Dolphins -> Steelers,4
Jalen Reagor,WR,2020-2024,0,1,Eagles -> Vikings -> Patriots -> Chargers,4
Jalen Reeves-Maybin,LB,2017-2025,1,4,Lions -> Texans -> Lions -> Bears,3
Jamaal Anderson,DE,2007-2012,0,1,Falcons -> Colts -> Bengals,3
Jamaal Charles,RB,2008-2018,4,3,Chiefs -> Broncos -> Jaguars,3
Jamal Adams,LB,2017-2025,3,1,Jets -> Seahawks -> Titans -> Lions -> Raiders,5
Jamal Agnew,WR,2017-2025,1,5,Lions -> Jaguars -> Steelers -> Falcons,4
Jamar Fletcher,CB,2001-2008,0,1,Dolphins -> Chargers -> Lions -> Texans -> Bengals,5
Jameis Winston,QB,2015-2025,1,1,Buccaneers -> Saints -> Browns -> Giants,4
James Bradberry,DB,2016-2024,1,2,Panthers -> Giants -> Eagles,3
James Carpenter,OL,2011-2021,0,1,Seahawks -> Jets -> Falcons -> Ravens -> Saints,5
Jamie Collins,LB,2013-2022,1,2,Patriots -> Browns -> Patriots -> Lions -> Patriots,3
Jamin Davis,LB,2021-2025,0,1,Commanders -> Vikings -> Jets -> Raiders,4
Janoris Jenkins,DB,2012-2022,1,2,Rams -> Giants -> Saints -> Titans -> 49ers,5
Jared Allen,DE,2004-2015,5,4,Chiefs -> Vikings -> Bears -> Panthers,4
Jared Cook,TE,2009-2021,2,3,Titans -> Rams -> Packers -> Raiders -> Saints -> Chargers,6
Jarrad Davis,LB,2017-2023,0,1,Lions -> Jets -> Lions -> Giants,3
Jarvis Landry,WR,2014-2022,5,2,Dolphins -> Browns -> Saints,3
Jason Allen,CB,2006-2012,0,1,Dolphins -> Texans -> Bengals,3
Jason Babin,OLB,2004-2015,2,1,Texans -> Seahawks -> Chiefs -> Eagles -> Titans -> Eagles -> Jaguars -> Jets -> Ravens -> Cardinals,9
Jason Campbell,QB,2005-2014,0,1,Commanders -> Raiders -> Bears -> Browns -> Bengals,5
Jason Pierre-Paul,DL,2010-2025,3,1,Giants -> Buccaneers -> Ravens -> Saints -> Dolphins -> Buccaneers,5
Jason Taylor,OLB,1999-2011,6,3,Dolphins -> Commanders -> Dolphins -> Jets -> Dolphins,3
Javon Hargrave,DL,2016-2025,2,3,Steelers -> Eagles -> 49ers -> Vikings,4
Javon Kinlaw,DL,2020-2025,0,1,49ers -> Jets -> Commanders,3
Javon Walker,WR,2002-2009,1,1,Packers -> Broncos -> Raiders,3
Jay Cutler,QB,2006-2017,1,1,Broncos -> Bears -> Dolphins,3
Jaylon Smith,LB,2016-2023,1,2,Cowboys -> Packers -> Giants -> Saints -> Raiders,5
Jeff Blake,QB,1999-2005,1,6,Bengals -> Saints -> Ravens -> Cardinals -> Eagles -> Bears,6
Jeff Faine,C,2003-2011,0,1,Browns -> Saints -> Buccaneers,3
Jeff George,QB,1999-2004,0,1,Vikings -> Commanders -> Seahawks -> Bears,4
Jeff Okudah,DB,2020-2025,0,1,Lions -> Falcons -> Texans -> Vikings,4
Jeremiah Trotter,MLB,1999-2009,4,3,Eagles -> Commanders -> Eagles -> Buccaneers -> Eagles,3
Jeremy Maclin,WR,2009-2017,0,1,Eagles -> Chiefs -> Ravens,3
Jeremy Newberry,C,1999-2008,2,2,49ers -> Raiders -> Chargers,3
Jeremy Shockey,TE,2002-2011,4,1,Giants -> Saints -> Panthers,3
Jermaine Lewis,WR,1999-2003,2,5,Ravens -> Texans -> Jaguars,3
Jermon Bushrod,OL,2007-2018,2,4,Saints -> Bears -> Dolphins -> Saints,3
Jerome Felton,RB,2008-2016,1,5,Lions -> Panthers -> Colts -> Vikings -> Bills,5
Jerry Hughes,DL,2010-2024,0,1,Colts -> Bills -> Texans,3
Jerry Rice,WR,1999-2004,13,1,49ers -> Raiders -> Seahawks,3
Jerry Tillery,DL,2019-2025,0,1,Chargers -> Raiders -> Vikings -> Chiefs,4
Jimmy Graham,TE,2010-2023,5,3,Saints -> Seahawks -> Packers -> Bears -> Saints,4
Jimmy Kennedy,DT,2003-2011,0,1,Rams -> Bears -> Jaguars -> Vikings -> Giants,5
Joe Flacco,QB,2008-2025,1,1,Ravens -> Broncos -> Jets -> Eagles -> Jets -> Browns -> Colts -> Browns -> Bengals,7
Joe Horn,WR,1999-2007,4,5,Chiefs -> Saints -> Falcons,3
Joe Schobert,LB,2016-2022,1,4,Browns -> Jaguars -> Steelers -> Titans,4
Joe Thuney,OL,2016-2025,4,3,Patriots -> Chiefs -> Bears,3
Joe Tryon-Shoyinka,DL,2021-2025,0,1,Buccaneers -> Browns -> Bears,3
Joey Galloway,WR,1999-2009,0,1,Seahawks -> Cowboys -> Buccaneers -> Patriots -> Steelers,5
Joey Harrington,QB,2002-2008,0,1,Lions -> Dolphins -> Falcons -> Saints,4
Joey Porter,OLB,1999-2011,4,3,Steelers -> Dolphins -> Cardinals,3
John Abraham,OLB,2001-2014,5,1,Jets -> Falcons -> Cardinals,3
John Ross,WR,2017-2024,0,1,Bengals -> Giants -> Chiefs -> Eagles,4
John Thierry,OLB,1999-2002,0,1,Browns -> Packers -> Falcons,3
Johnathan Abram,DB,2019-2024,0,1,Raiders -> Packers -> Seahawks -> Saints,4
Johnathan Joseph,DB,2006-2020,2,1,Bengals -> Texans -> Titans -> Cardinals,4
Johnnie Morton,WR,1999-2005,0,1,Lions -> Chiefs -> 49ers,3
Jon Runyan,T,1999-2009,1,4,Titans -> Eagles -> Chargers,3
Jonah Jackson,OL,2020-2025,1,3,Lions -> Rams -> Bears,3
Jonah Williams,DL,2021-2025,0,1,Rams -> Vikings -> Rams -> Lions -> Saints,4
Jonathan Cooper,OL,2014-2019,0,1,Cardinals -> Patriots -> Browns -> Cowboys -> Commanders -> Raiders,6
Jonathan Goodwin,C,2002-2014,1,5,Jets -> Saints -> 49ers -> Saints,3
Jonnu Smith,TE,2017-2025,1,3,Titans -> Patriots -> Falcons -> Dolphins -> Steelers,5
Jordan Howard,RB,2016-2022,1,5,Bears -> Eagles -> Dolphins -> Eagles -> Saints,4
Jordan Poyer,DB,2013-2025,1,7,Eagles -> Browns -> Bills -> Dolphins -> Bills,4
Josh Bidwell,P,2000-2010,1,4,Packers -> Buccaneers -> Commanders,3
Josh Brown,K,2003-2016,1,7,Seahawks -> Rams -> Bengals -> Giants,4
Josh Doctson,WR,2016-2020,0,1,Commanders -> Vikings -> Jets,3
Josh Freeman,QB,2009-2016,0,1,Buccaneers -> Vikings -> Colts,3
Josh Norman,DB,2012-2023,1,5,Panthers -> Commanders -> Bills -> 49ers -> Panthers -> Bills,4
Josh Rosen,QB,2018-2021,0,1,Cardinals -> Dolphins -> 49ers -> Falcons,4
Josh Sitton,OL,2008-2018,4,4,Packers -> Bears -> Dolphins,3
JuJu Smith-Schuster,WR,2017-2025,1,2,Steelers -> Chiefs -> Patriots -> Chiefs,3
Julian Peterson,OLB,2000-2010,5,1,49ers -> Seahawks -> Lions,3
Julio Jones,WR,2011-2023,7,1,Falcons -> Titans -> Buccaneers -> Eagles,4
Julius Peppers,DL,2003-2018,9,1,Panthers -> Bears -> Packers -> Panthers,3
Julius Thomas,TE,2011-2017,2,4,Broncos -> Jaguars -> Dolphins,3
Junior Seau,ILB,1999-2009,12,1,Chargers -> Dolphins -> Patriots,3
Justin Bethel,DB,2012-2023,3,6,Cardinals -> Falcons -> Ravens -> Patriots -> Dolphins,5
Justin Fields,QB,2021-2025,0,1,Bears -> Steelers -> Jets,3
Justin Forsett,RB,2008-2016,1,7,Seahawks -> Colts -> Seahawks -> Texans -> Jaguars -> Ravens -> Lions -> Broncos,7
Justin Houston,LB,2011-2023,4,3,Chiefs -> Colts -> Ravens -> Panthers -> Dolphins,5
K'Lavon Chaisson,LB,2020-2025,0,1,Jaguars -> Raiders -> Patriots,3
Kadarius Toney,WR,2021-2024,0,1,Giants -> Chiefs -> Browns,3
Kaiir Elam,DB,2022-2025,0,1,Bills -> Cowboys -> Titans,3
Kamerion Wimbley,OLB,2006-2014,0,1,Browns -> Raiders -> Titans,3
Kareem Jackson,DB,2010-2024,0,1,Texans -> Broncos -> Texans -> Bills,3
Karl Joseph,DB,2016-2022,0,1,Raiders -> Browns -> Steelers,3
Keanu Neal,DB,2016-2023,1,1,Falcons -> Cowboys -> Buccaneers -> Steelers,4
Keenan McCardell,WR,1999-2007,2,12,Jaguars -> Buccaneers -> Chargers -> Commanders,4
Keith Brooking,OLB,1999-2012,5,1,Falcons -> Cowboys -> Broncos,3
Keith Rivers,OLB,2008-2014,0,1,Bengals -> Giants -> Bills,3
Kelechi Osemele,OL,2012-2020,2,2,Ravens -> Raiders -> Jets -> Chiefs,4
Kellen Winslow,TE,2004-2013,1,1,Browns -> Buccaneers -> Jets,3
Kelvin Benjamin,WR,2014-2018,0,1,Panthers -> Bills -> Chiefs,3
Ken Hamlin,FS,2003-2010,1,2,Seahawks -> Cowboys -> Ravens -> Colts,4
Kenard Lang,DE,1999-2006,0,1,Commanders -> Browns -> Broncos,3
Kendall Simmons,G,2002-2009,0,1,Steelers -> Patriots -> Bills,3
Kendall Wright,WR,2012-2018,0,1,Titans -> Bears -> Cardinals,3
"Kenneth Murray, Jr.",LB,2020-2025,0,1,Chargers -> Titans -> Cowboys,3
Kenny Britt,WR,2009-2017,0,1,Titans -> Rams -> Browns -> Patriots,4
Kenny Pickett,QB,2022-2025,0,1,Steelers -> Eagles -> Raiders,3
Kentwan Balmer,DT,2008-2011,0,1,49ers -> Seahawks -> Commanders,3
Kerry Collins,QB,1999-2011,2,1,Giants -> Raiders -> Titans -> Colts,4
Kevin Byard,DB,2016-2025,3,3,Titans -> Eagles -> Bears,3
Kevin Carter,DE,1999-2008,2,1,Rams -> Titans -> Dolphins -> Buccaneers,4
Kevin Hardy,OLB,1999-2004,1,1,Jaguars -> Cowboys -> Bengals,3
Kevin Johnson,DB,2015-2020,0,1,Texans -> Bills -> Browns,3
Kevin White,WR,2016-2022,0,1,Bears -> 49ers -> Saints,3
Kevin Williams,DL,2003-2016,6,1,Vikings -> Seahawks -> Saints,3
Kevin Zeitler,OL,2012-2025,1,1,Bengals -> Browns -> Giants -> Ravens -> Lions -> Titans,6
Keyshawn Johnson,WR,1999-2006,3,1,Jets -> Buccaneers -> Cowboys -> Panthers,4
Khalil Mack,LB,2014-2025,9,1,Raiders -> Bears -> Chargers,3
Kirk Cousins,QB,2012-2025,4,4,Commanders -> Vikings -> Falcons,3
Kordell Stewart,QB,1999-2004,1,2,Steelers -> Bears -> Ravens,3
Koren Robinson,WR,2001-2008,1,1,Seahawks -> Vikings -> Packers -> Seahawks,3
Kurt Coleman,DB,2010-2019,1,7,Eagles -> Chiefs -> Panthers -> Saints -> Bills,5
Kwon Alexander,LB,2016-2024,1,4,Buccaneers -> 49ers -> Saints -> Jets -> Steelers -> Broncos -> Lions,7
Kyle Boller,QB,2003-2011,0,1,Ravens -> Rams -> Raiders,3
Kyle Fuller,DB,2014-2022,2,1,Bears -> Broncos -> Ravens,3
Kyle Rudolph,TE,2011-2022,2,2,Vikings -> Giants -> Buccaneers,3
Kyle Turley,T,1999-2007,0,1,Saints -> Rams -> Chiefs,3
Kyle Van Noy,LB,2014-2025,1,2,Lions -> Patriots -> Dolphins -> Patriots -> Chargers -> Ravens,5
Kyle Vanden Bosch,DE,2002-2012,3,2,Cardinals -> Titans -> Lions,3
L.J. Shelton,T,1999-2008,0,1,Cardinals -> Browns -> Dolphins -> Chargers,4
La'Roi Glover,DT,1999-2008,6,5,Saints -> Cowboys -> Rams,3
LaMarr Woodley,LB,2007-2016,1,2,Steelers -> Raiders -> Cardinals,3
LaRon Landry,FS,2007-2014,1,1,Commanders -> Jets -> Colts,3
Laken Tomlinson,OL,2015-2025,1,1,Lions -> 49ers -> Jets -> Seahawks -> Texans,5
Lamar Miller,RB,2012-2020,1,4,Dolphins -> Texans -> Bears -> Commanders,4
Lance Schulters,SS,1999-2007,1,4,49ers -> Titans -> Dolphins -> Falcons -> Dolphins,4
Laquon Treadwell,WR,2016-2025,0,1,Vikings -> Falcons -> Jaguars -> Seahawks -> Ravens -> Colts,6
Laremy Tunsil,OL,2016-2025,5,1,Dolphins -> Texans -> Commanders,3
Larry Centers,FB,1999-2003,3,5,Commanders -> Bills -> Patriots,3
Latavius Murray,RB,2014-2023,1,6,Raiders -> Vikings -> Saints -> Ravens -> Saints -> Broncos -> Bills,6
Laveranues Coles,WR,2000-2009,1,3,Jets -> Commanders -> Jets -> Bengals,3
Lawyer Milloy,SS,1999-2010,4,2,Patriots -> Bills -> Falcons -> Seahawks,4
Le'Ron McClain,FB,2007-2013,2,4,Ravens -> Chiefs -> Chargers,3
Le'Veon Bell,RB,2013-2021,3,2,Steelers -> Jets -> Chiefs -> Ravens -> Buccaneers,5
LeSean McCoy,RB,2009-2020,6,2,Eagles -> Bills -> Chiefs -> Buccaneers,4
Lee Woodall,LB,1999-2001,2,6,49ers -> Panthers -> Broncos,3
Leon Hall,DB,2007-2018,0,1,Bengals -> Giants -> 49ers -> Raiders,4
Leon Washington,RB,2006-2014,2,4,Jets -> Seahawks -> Patriots -> Titans,4
Leonard Davis,G,2001-2012,3,1,Cardinals -> Cowboys -> Lions -> 49ers,4
Leonard Floyd,DL,2016-2025,0,1,Bears -> Rams -> Bills -> 49ers -> Falcons,5
Leonard Fournette,RB,2017-2023,0,1,Jaguars -> Buccaneers -> Bills,3
Leonard Williams,DL,2015-2025,3,1,Jets -> Giants -> Seahawks,3
Levon Kirkland,MLB,1999-2002,2,2,Steelers -> Seahawks -> Eagles,3
Lewis Cine,DB,2022-2025,0,1,Vikings -> Bills -> Eagles,3
Linval Joseph,DL,2010-2024,2,2,Giants -> Vikings -> Chargers -> Eagles -> Bills -> Cowboys,6
Lito Sheppard,CB,2002-2011,2,1,Eagles -> Jets -> Vikings -> Raiders,4
Lorenzo Neal,FB,1999-2008,4,4,Titans -> Bengals -> Chargers -> Ravens,4
Mac Jones,QB,2021-2025,1,1,Patriots -> Jaguars -> 49ers,3
Malcom Brown,DL,2015-2021,0,1,Patriots -> Saints -> Jaguars,3
Malik Jackson,DL,2012-2021,1,5,Broncos -> Jaguars -> Eagles -> Browns,4
Manny Lawson,LB,2006-2016,0,1,49ers -> Bengals -> Bills,3
Marc Colombo,T,2002-2011,0,1,Bears -> Cowboys -> Dolphins,3
Marcedes Lewis,TE,2006-2025,1,1,Jaguars -> Packers -> Bears -> Broncos,4
Marcellus Wiley,DE,1999-2006,1,2,Bills -> Chargers -> Cowboys -> Jaguars,4
Marco Coleman,DE,1999-2005,1,1,Commanders -> Jaguars -> Eagles -> Broncos,4
Marcus Davenport,DL,2018-2025,0,1,Saints -> Vikings -> Lions,3
Marcus Mariota,QB,2015-2025,0,1,Titans -> Raiders -> Falcons -> Eagles -> Commanders,5
Marcus Peters,DB,2015-2023,3,1,Chiefs -> Rams -> Ravens -> Raiders,4
Marcus Smith,LB,2014-2018,0,1,Eagles -> Seahawks -> Commanders,3
Mario Williams,DL,2006-2016,4,1,Texans -> Bills -> Dolphins,3
Mark Barron,LB,2012-2020,0,1,Buccaneers -> Rams -> Steelers -> Broncos,4
Mark Brunell,QB,1999-2011,3,5,Jaguars -> Commanders -> Saints -> Jets,4
Mark Fields,OLB,1999-2004,2,1,Saints -> Rams -> Panthers,3
Mark Ingram,RB,2011-2022,3,1,Saints -> Ravens -> Texans -> Saints,3
Mark Sanchez,QB,2009-2018,0,1,Jets -> Eagles -> Cowboys -> Bears -> Commanders,5
Marquise Brown,WR,2019-2025,0,1,Ravens -> Cardinals -> Chiefs,3
Marshawn Lynch,RB,2007-2019,5,1,Bills -> Seahawks -> Raiders -> Seahawks,3
Martellus Bennett,TE,2008-2017,1,2,Cowboys -> Giants -> Bears -> Patriots -> Packers -> Patriots,5
Martin Gramatica,K,1999-2008,1,3,Buccaneers -> Colts -> Cowboys -> Saints,4
Marty Booker,WR,1999-2009,1,3,Bears -> Dolphins -> Bears -> Falcons,3
Matt Cassel,QB,2005-2018,1,7,Patriots -> Chiefs -> Vikings -> Bills -> Cowboys -> Titans -> Lions,7
Matt Gay,K,2019-2025,1,5,Buccaneers -> Rams -> Colts -> Commanders -> 49ers,5
Matt Hasselbeck,QB,1999-2015,3,6,Packers -> Seahawks -> Titans -> Colts,4
Matt Leinart,QB,2006-2012,0,1,Cardinals -> Texans -> Raiders,3
Matt Schaub,QB,2004-2020,2,3,Falcons -> Texans -> Raiders -> Ravens -> Falcons,4
Matthew Judon,LB,2016-2025,4,5,Ravens -> Patriots -> Falcons -> Dolphins -> Bills,5
Mecole Hardman,WR,2019-2025,1,2,Chiefs -> Jets -> Chiefs -> Bills,3
Mekhi Becton,OL,2020-2025,0,1,Jets -> Eagles -> Chargers,3
Melvin Gordon,RB,2015-2023,2,1,Chargers -> Broncos -> Ravens,3
Melvin Ingram,LB,2012-2023,3,1,Chargers -> Steelers -> Chiefs -> Dolphins,4
Michael Bates,RB,1999-2003,5,6,Panthers -> Commanders -> Jets -> Cowboys,4
Michael Bennett,RB,2001-2010,1,1,Vikings -> Chiefs -> Buccaneers -> Chargers -> Raiders,5
Michael Crabtree,WR,2009-2019,0,1,49ers -> Raiders -> Ravens -> Cardinals,4
Michael Floyd,WR,2012-2018,0,1,Cardinals -> Patriots -> Vikings -> Commanders,4
Michael Griffin,DB,2007-2016,2,1,Titans -> Vikings -> Panthers,3
Michael Huff,FS,2006-2013,0,1,Raiders -> Ravens -> Broncos,3
Michael Lewis,SS,2002-2010,1,2,Eagles -> 49ers -> Rams,3
Michael Oher,OL,2009-2016,0,1,Ravens -> Titans -> Panthers,3
Mike Daniels,DL,2012-2021,1,4,Packers -> Lions -> Bengals,3
Mike Hughes,DB,2018-2025,0,1,Vikings -> Chiefs -> Lions -> Falcons,4
Mike Iupati,OL,2010-2020,4,1,49ers -> Cardinals -> Seahawks,3
Mike Jenkins,DB,2008-2016,1,1,Cowboys -> Raiders -> Buccaneers -> Cardinals,4
Mike Vick,QB,2001-2016,4,1,Falcons -> Eagles -> Jets -> Steelers,4
Mike Vrabel,OLB,1999-2010,1,3,Steelers -> Patriots -> Chiefs,3
Mike Wallace,WR,2009-2018,1,3,Steelers -> Dolphins -> Vikings -> Ravens -> Eagles,5
Mike Williams,WR,2005-2011,0,1,Lions -> Raiders -> Titans -> Seahawks,4
Mike Williams,WR,2017-2025,0,1,Chargers -> Jets -> Steelers -> Chargers,3
Miles Sanders,RB,2019-2025,1,2,Eagles -> Panthers -> Cowboys,3
Mitch Berger,P,1999-2009,2,6,Vikings -> Rams -> Saints -> Cardinals -> Steelers -> Broncos,6
Mitch Morse,OL,2015-2024,1,2,Chiefs -> Bills -> Jaguars,3
Mitchell Trubisky,QB,2017-2025,1,1,Bears -> Bills -> Steelers -> Bills,3
Morris Claiborne,DB,2012-2019,0,1,Cowboys -> Jets -> Chiefs,3
Morten Andersen,K,1999-2007,7,4,Falcons -> Giants -> Chiefs -> Vikings -> Falcons,4
N'Keal Harry,WR,2019-2023,0,1,Patriots -> Bears -> Vikings,3
Nahshon Wright,DB,2021-2025,1,3,Cowboys -> Vikings -> Bears,3
Napoleon Harris,MLB,2002-2008,0,1,Raiders -> Vikings -> Chiefs -> Vikings,3
Nate Clements,CB,2001-2012,1,1,Bills -> 49ers -> Bengals,3
Ndamukong Suh,DL,2010-2022,5,1,Lions -> Dolphins -> Rams -> Buccaneers -> Eagles,5
Neil Rackers,K,2000-2011,1,6,Bengals -> Cardinals -> Texans,3
Nelson Agholor,WR,2015-2024,0,1,Eagles -> Raiders -> Patriots -> Ravens,4
Nick Barnett,ILB,2003-2013,0,1,Packers -> Bills -> Commanders,3
Nick Fairley,DL,2011-2016,0,1,Lions -> Rams -> Saints,3
Nick Foles,QB,2012-2022,1,3,Eagles -> Rams -> Chiefs -> Eagles -> Jaguars -> Bears -> Colts,6
Nick Folk,K,2007-2025,1,6,Cowboys -> Jets -> Buccaneers -> Patriots -> Titans -> Jets,5
Noah Fant,TE,2019-2025,0,1,Broncos -> Seahawks -> Bengals,3
Noah Igbinoghene,DB,2020-2025,0,1,Dolphins -> Cowboys -> Commanders,3
Odell Beckham Jr.,WR,2014-2024,3,1,Giants -> Browns -> Rams -> Ravens -> Dolphins,5
Olivier Vernon,DL,2012-2020,1,3,Dolphins -> Giants -> Browns,3
Orlando Brown,OL,2018-2025,4,3,Ravens -> Chiefs -> Bengals,3
Owen Daniels,TE,2006-2016,2,4,Texans -> Ravens -> Broncos,3
Patrick Peterson,DB,2011-2023,8,1,Cardinals -> Vikings -> Steelers,3
Patrick Ramsey,QB,2002-2010,0,1,Commanders -> Jets -> Broncos -> Titans -> Lions -> Jaguars -> Dolphins -> Vikings,8
Patrick Robinson,DB,2010-2020,0,1,Saints -> Chargers -> Colts -> Eagles -> Saints,4
Paul Soliai,DL,2007-2016,1,4,Dolphins -> Falcons -> Panthers,3
Percy Harvin,WR,2009-2016,1,1,Vikings -> Seahawks -> Jets -> Bills,4
Pete Kendall,G,1999-2008,0,1,Seahawks -> Cardinals -> Jets -> Commanders,4
Pharoh Cooper,WR,2016-2022,1,4,Rams -> Cardinals -> Bengals -> Cardinals -> Panthers -> Giants -> Cardinals,5
Phillip Buchanon,CB,2002-2011,0,1,Raiders -> Texans -> Buccaneers -> Lions -> Commanders,5
Phillip Dorsett,WR,2015-2025,0,1,Colts -> Patriots -> Seahawks -> Jaguars -> Seahawks -> Texans -> Broncos -> Raiders,7
Plaxico Burress,WR,2001-2012,0,1,Steelers -> Giants -> Jets -> Steelers,3
Prince Amukamara,DB,2011-2019,0,1,Giants -> Jaguars -> Bears,3
Quandre Diggs,DB,2015-2025,3,6,Lions -> Seahawks -> Titans -> Seahawks,3
Quinnen Williams,DL,2019-2025,4,1,Jets -> Giants -> Jets -> Cowboys,3
R.W. McQuarters,CB,2000-2008,0,1,Bears -> Lions -> Giants,3
Randall Cobb,WR,2011-2023,1,2,Packers -> Cowboys -> Texans -> Packers -> Jets,4
Randall Cunningham,QB,1999-2001,4,2,Vikings -> Cowboys -> Ravens,3
Randy Moss,WR,1999-2012,6,1,Vikings -> Raiders -> Patriots -> Vikings -> Titans -> 49ers,5
Randy Starks,DL,2004-2016,2,3,Titans -> Dolphins -> Browns,3
Rashaan Evans,LB,2018-2024,0,1,Titans -> Falcons -> Cowboys -> Falcons,3
Ray Brown,G,1999-2005,1,8,49ers -> Lions -> Commanders,3
Regan Upshaw,DE,1999-2004,0,1,Jaguars -> Raiders -> Commanders -> Giants,4
Reggie Bush,RB,2006-2016,0,1,Saints -> Dolphins -> Lions -> 49ers -> Bills,5
Reggie Nelson,DB,2007-2018,2,1,Jaguars -> Bengals -> Raiders,3
Renaldo Wynn,DE,1999-2009,0,1,Jaguars -> Commanders -> Saints -> Giants -> Commanders,4
Rex Grossman,QB,2003-2013,0,1,Bears -> Texans -> Commanders,3
Richard Sherman,DB,2011-2021,5,5,Seahawks -> 49ers -> Buccaneers,3
Richie Incognito,OL,2006-2021,4,3,Rams -> Bills -> Dolphins -> Bills -> Raiders,4
Rick Mirer,QB,1999-2004,0,1,Jets -> 49ers -> Raiders -> Lions,4
Ricky Williams,RB,1999-2011,1,1,Saints -> Dolphins -> Ravens,3
Riley Reiff,OL,2012-2023,0,1,Lions -> Vikings -> Bengals -> Bears -> Patriots,5
Robert Ayers,DL,2009-2017,0,1,Broncos -> Giants -> Buccaneers,3
Robert Griffin,QB,2012-2020,1,1,Commanders -> Browns -> Ravens,3
Robert Nkemdiche,DL,2016-2021,0,1,Cardinals -> Dolphins -> Seahawks,3
Robert Quinn,LB,2011-2022,3,1,Rams -> Dolphins -> Cowboys -> Bears -> Eagles,5
Robert Thomas,OLB,2002-2007,0,1,Rams -> Packers -> Raiders,3
Rod Gardner,WR,2001-2006,0,1,Commanders -> Panthers -> Packers -> Chiefs,4
Rodger Saffold,OL,2010-2022,2,2,Rams -> Titans -> Bills,3
Rodney Hudson,OL,2011-2022,3,2,Chiefs -> Raiders -> Cardinals,3
Ron Dayne,RB,2000-2007,0,1,Giants -> Broncos -> Texans,3
Ronnie Brown,RB,2005-2014,1,1,Dolphins -> Eagles -> Chargers -> Texans -> Chargers,4
Ross Verba,G,1999-2006,0,1,Packers -> Browns -> Lions,3
Roy Williams,WR,2004-2011,1,1,Lions -> Cowboys -> Bears,3
Russell Okung,OL,2010-2020,2,1,Seahawks -> Broncos -> Chargers -> Panthers,4
Russell Wilson,QB,2012-2025,10,3,Seahawks -> Broncos -> Steelers -> Giants,4
Ryan McNeil,CB,1999-2003,1,2,Browns -> Cowboys -> Chargers -> Broncos,4
Ryan Pickett,DT,2001-2014,0,1,Rams -> Packers -> Texans,3
Sam Adams,DT,1999-2006,3,1,Seahawks -> Ravens -> Raiders -> Bills -> Bengals,5
Sam Bradford,QB,2010-2018,0,1,Rams -> Eagles -> Vikings -> Cardinals,4
Sam Cowart,MLB,1999-2005,1,2,Bills -> Jets -> Vikings,3
Sam Darnold,QB,2018-2025,2,1,Jets -> Panthers -> 49ers -> Vikings -> Seahawks,5
Sammy Davis,CB,2003-2007,0,1,Chargers -> 49ers -> Buccaneers,3
Sammy Watkins,WR,2014-2022,0,1,Bills -> Rams -> Chiefs -> Ravens -> Packers -> Ravens,5
Sean Morey,WR,1999-2009,1,7,Patriots -> Eagles -> Steelers -> Cardinals,4
Shaq Lawson,DL,2016-2024,0,1,Bills -> Dolphins -> Jets -> Bills -> Panthers,4
Shaquill Griffin,DB,2017-2025,1,3,Seahawks -> Jaguars -> Texans -> Panthers -> Vikings -> Seahawks,5
Shaun Phillips,OLB,2004-2014,1,4,Chargers -> Broncos -> Titans -> Colts,4
Shaun Rogers,DT,2001-2013,3,2,Lions -> Browns -> Saints -> Giants,4
Shawn Springs,CB,1999-2009,1,1,Seahawks -> Commanders -> Patriots,3
Sheldon Rankins,DL,2016-2025,0,1,Saints -> Jets -> Texans -> Bengals -> Texans,4
Sheldon Richardson,DL,2013-2021,1,1,Jets -> Seahawks -> Vikings -> Browns -> Vikings,4
Solomon Thomas,DL,2017-2025,0,1,49ers -> Raiders -> Jets -> Cowboys,4
Sony Michel,RB,2018-2022,0,1,Patriots -> Rams -> Chargers,3
Stefon Diggs,WR,2015-2025,4,5,Vikings -> Bills -> Texans -> Patriots,4
Stephen Alexander,TE,1999-2007,1,2,Commanders -> Chargers -> Lions -> Broncos,4
Stephen Davis,RB,1999-2006,3,4,Commanders -> Panthers -> Rams,3
Stephon Gilmore,DB,2012-2024,5,1,Bills -> Patriots -> Panthers -> Colts -> Cowboys -> Vikings,6
Steve Hutchinson,G,2001-2012,7,1,Seahawks -> Vikings -> Titans,3
Steve Smith,WR,2007-2012,1,2,Giants -> Eagles -> Rams,3
Steven Jackson,RB,2004-2015,3,1,Rams -> Falcons -> Patriots,3
Stockar McDougle,T,2000-2006,0,1,Lions -> Dolphins -> Jaguars,3
Sylvester Williams,DL,2013-2020,0,1,Broncos -> Titans -> Lions -> Dolphins -> Chargers -> Broncos,5
T.J. Duckett,RB,2002-2008,0,1,Falcons -> Commanders -> Lions -> Seahawks,4
T.J. Houshmandzadeh,WR,2001-2011,1,7,Bengals -> Seahawks -> Ravens -> Raiders,4
T.J. Ward,DB,2010-2017,3,2,Browns -> Broncos -> Buccaneers,3
Taco Charlton,DL,2017-2022,0,1,Cowboys -> Dolphins -> Chiefs -> Steelers -> Bears,5
Takeo Spikes,ILB,1999-2012,2,1,Bengals -> Bills -> Eagles -> 49ers -> Chargers,5
Takk McKinley,DL,2017-2024,0,1,Falcons -> Raiders -> Browns -> Rams -> Cowboys -> Jets,6
Taven Bryan,DL,2018-2025,0,1,Jaguars -> Browns -> Colts -> Ravens,4
Tavon Austin,WR,2013-2021,0,1,Rams -> Cowboys -> 49ers -> Packers -> Jaguars,5
Tebucky Jones,SS,2000-2005,0,1,Patriots -> Saints -> Dolphins,3
Ted Ginn,WR,2007-2020,0,1,Dolphins -> 49ers -> Panthers -> Cardinals -> Panthers -> Saints -> Bears,6
Ted Washington,NT,1999-2007,4,1,Bills -> Bears -> Patriots -> Raiders -> Browns,5
Teddy Bridgewater,QB,2014-2025,1,1,Vikings -> Saints -> Panthers -> Broncos -> Dolphins -> Lions -> Buccaneers,7
Terence Newman,DB,2003-2017,2,1,Cowboys -> Bengals -> Vikings,3
Terrell Buckley,CB,1999-2005,0,1,Dolphins -> Broncos -> Patriots -> Dolphins -> Jets -> Giants,5
Terrell Edmunds,DB,2018-2025,0,1,Steelers -> Eagles -> Titans -> Jaguars -> Steelers -> Raiders,5
Terrell Owens,WR,1999-2010,6,3,49ers -> Eagles -> Cowboys -> Bills -> Bengals,5
Terrell Suggs,LB,2003-2019,7,1,Ravens -> Cardinals -> Chiefs,3
Terry Allen,RB,1999-2001,1,9,Patriots -> Saints -> Ravens,3
Terry Fair,CB,2000-2005,0,1,Lions -> Panthers -> Rams,3
Terry Glenn,WR,1999-2007,1,1,Patriots -> Packers -> Cowboys,3
Thomas Davis,LB,2005-2020,3,1,Panthers -> Chargers -> Commanders,3
Thomas Jones,RB,2000-2011,1,1,Cardinals -> Buccaneers -> Bears -> Jets -> Chiefs,5
Thomas Morstead,P,2009-2025,1,5,Saints -> Jets -> Falcons -> Dolphins -> Jets -> 49ers,5
Todd Sauerbrun,P,1999-2006,3,2,Bears -> Chiefs -> Panthers -> Broncos -> Patriots,5
Todd Steussie,T,1999-2007,2,1,Vikings -> Panthers -> Buccaneers -> Rams,4
Tom Tupa,P,1999-2004,1,3,Jets -> Buccaneers -> Commanders,3
Tory James,CB,1999-2006,1,2,Broncos -> Raiders -> Bengals,3
Trai Turner,OL,2014-2023,5,3,Panthers -> Chargers -> Steelers -> Commanders -> Saints,5
Travis Henry,RB,2001-2007,1,2,Bills -> Titans -> Broncos,3
Travis Taylor,WR,2001-2008,0,1,Ravens -> Vikings -> Raiders -> Rams -> Panthers -> Lions,6
Tre'Davious White,DB,2017-2025,2,1,Bills -> Rams -> Ravens -> Bills,3
Trent Brown,OL,2015-2025,1,7,49ers -> Patriots -> Raiders -> Patriots -> Bengals -> Texans,5
Trent Dilfer,QB,1999-2007,1,1,Buccaneers -> Ravens -> Seahawks -> Browns -> 49ers,5
Trent Green,QB,2000-2008,2,8,Rams -> Chiefs -> Dolphins -> Rams,3
Trevor Pryce,DE,1999-2010,4,1,Broncos -> Ravens -> Jets,3
Trey Lance,QB,2021-2025,0,1,49ers -> Cowboys -> Chargers,3
Troy Edwards,WR,1999-2005,0,1,Steelers -> Rams -> Jaguars -> Lions,4
Troy Vincent,FS,1999-2006,5,1,Eagles -> Bills -> Commanders,3
Ty Law,CB,2001-2009,5,1,Patriots -> Jets -> Chiefs -> Jets -> Broncos,4
Tye Hill,CB,2006-2010,0,1,Rams -> Falcons -> Lions,3
Tyler Brayton,DE,2003-2011,0,1,Raiders -> Panthers -> Colts,3
Tyler Lockett,WR,2015-2025,1,3,Seahawks -> Titans -> Raiders,3
Tyrann Mathieu,DB,2013-2024,3,3,Cardinals -> Texans -> Chiefs -> Saints,4
Tyrod Taylor,QB,2011-2025,1,6,Ravens -> Bills -> Browns -> Chargers -> Texans -> Giants -> Jets,7
Tyrone Poole,CB,1999-2008,0,1,Colts -> Broncos -> Patriots -> Raiders -> Titans,5
Tyson Alualu,DL,2010-2023,0,1,Jaguars -> Steelers -> Lions,3
Vernon Butler,DL,2016-2022,0,1,Panthers -> Bills -> Giants,3
Vernon Davis,TE,2006-2019,2,1,49ers -> Broncos -> Commanders,3
Vernon Hargreaves,DB,2016-2021,0,1,Buccaneers -> Texans -> Bengals,3
Vic Beasley,DL,2015-2020,1,1,Falcons -> Titans -> Raiders,3
Vinny Testaverde,QB,2000-2007,2,1,Jets -> Cowboys -> Jets -> Patriots -> Panthers,4
Von Miller,LB,2011-2025,8,1,Broncos -> Rams -> Bills -> Commanders,4
Vonnie Holliday,DE,1999-2012,0,1,Packers -> Chiefs -> Dolphins -> Broncos -> Commanders -> Cardinals,6
Vontae Davis,DB,2009-2018,2,1,Dolphins -> Colts -> Bills,3
Wade Smith,G,2003-2013,1,3,Dolphins -> Jets -> Chiefs -> Texans,4
Walt Harris,CB,1999-2008,1,1,Bears -> Colts -> Commanders -> 49ers,4
Wayne Gandy,T,1999-2008,0,1,Steelers -> Saints -> Falcons,3
William Jackson,DB,2016-2022,0,1,Bengals -> Commanders -> Steelers,3
Willis McGahee,RB,2003-2013,2,1,Bills -> Ravens -> Broncos -> Browns,4
Xavier Rhodes,DB,2013-2022,3,1,Vikings -> Colts -> Bills -> Cowboys,4
Yannick Ngakoue,DL,2016-2024,1,3,Jaguars -> Vikings -> Ravens -> Raiders -> Colts -> Bears -> Ravens -> Patriots,7
Yeremiah Bell,SS,2004-2013,1,6,Dolphins -> Jets -> Cardinals,3
Za'Darius Smith,DL,2015-2025,3,4,Ravens -> Packers -> Vikings -> Browns -> Lions -> Eagles,6
Zach Brown,LB,2012-2019,1,2,Titans -> Bills -> Commanders -> Eagles,4
Zach Ertz,TE,2013-2025,3,2,Eagles -> Cardinals -> Commanders,3
Zach Wilson,QB,2021-2025,0,1,Jets -> Broncos -> Dolphins,3
Zane Beadles,OL,2010-2018,1,2,Broncos -> Jaguars -> 49ers -> Falcons,4
Ziggy Hood,DL,2009-2018,0,1,Steelers -> Jaguars -> Commanders -> Dolphins,4
